Emission Current,Avr
0,0.004807
0.010,0.00745
0.011,0.007873
0.012,0.008101
0.013,0.008657
0.014,0.008493
0.015,0.008643
0.020,0.00994
0.030,0.01128
0.040,0.01266
0.050,0.01375
0.060,0.01488
0.070,0.01591
0.080,0.01714
0.090,0.01799
0.100,0.01881
0.110,0.01971
0.120,0.02054
0.130,0.02136
0.140,0.02214
0.150,0.02268